Year_Month,Nifty_Close,Turnover_Cr,Shares_Traded,Realized_Vol_Annualized,Trading_Days,Prev_Month_Close,Nifty_MoM_Return,M3_Supply,Bank_Credit,Net_Capital_Flows,Forex_Reserves,Trade_Balance,M3_MoM_Growth,Credit_MoM_Growth,Forex_MoM_Growth,Lag1_Net_Capital_Flows,Lag1_Credit_MoM_Growth,Stress_Regime
2021-12,17354.05,445748.48000000004,5499273903,0.16970827655175083,23,16983.2,0.02160128841162364,20114036.3441738,11582087.1494,-17977.9000958409,4707812.22,-158731.2607676,0.023842553377949525,0.037617487134641185,-0.014288834313413223,15195.6608723293,,0
2022-01,17339.85,489373.79000000004,5435447093,0.16913648851910273,20,17354.05,-0.0008185877513300963,19947684.111,11468976.86226,12158.4363023229,4727298.28,-129035.3136025,-0.008270455035842873,-0.009765967539439412,0.004139090322510893,-17977.9000958409,0.037617487134641185,0
2022-02,16793.9,468244.3299999999,5620292631,0.28489752025021936,20,17339.85,-0.03199159555986745,20183528.1593018,11643716.86027,-8483.2102678675,4755725.95,-140588.8162557,0.011823129291071084,0.015235883733012018,0.006013513071572019,12158.4363023229,-0.009765967539439412,1
2022-03,17464.75,601435.77,7959708234,0.19763986554667556,21,16793.9,0.0391688385772913,20493729.18205,11891314.26997,-14798.3184982987,4707396.24,-141180.813289,0.01536901875132483,0.02126446500471322,-0.010162425360107212,-8483.2102678675,0.015235883733012018,1
2022-04,17102.55,494331.04000000004,5658248002,0.1898761156496249,19,17464.75,-0.020956988615441312,20712047.95105,11956336.16382,10976.4315803719,4568295.0,-139840.4761577,0.010652954719008293,0.0054680157612355005,-0.029549507393921915,-14798.3184982987,0.02126446500471322,1
2022-05,16584.55,520943.20000000007,6343314330,0.23099611487465455,21,17102.55,-0.03075603611848273,20682307.05183,12038119.23753,4859.929964989,4665848.25,-171052.1246316,-0.0014359226712049743,0.006840145056934464,0.021354411219065318,10976.4315803719,0.0054680157612355005,1
2022-06,15780.25,434325.31999999995,5514202239,0.17036742331338708,22,16584.55,-0.04971238094817985,20663816.94783,12150353.4,-25821.4668636001,4647772.68,-172335.9189017,-0.0008940058743768681,0.009323230668799077,-0.0038740158340983973,4859.929964989,0.006840145056934464,1
2022-07,17158.25,432762.86000000004,5475270114,0.12272736211451428,21,15780.25,0.08371994937611467,21032347.94409,12369350.00407,33936.8407599809,4549651.95,-202471.3669107,0.017834604187137042,0.01802388760725267,-0.021111344455856548,-25821.4668636001,0.009323230668799077,0
2022-08,17759.3,406000.88,5867550712,0.1418719349265159,20,17158.25,0.034430214865457824,21051422.69509,12458657.89222,64321.5396524415,4480680.67,-197784.9456887,0.0009069244694270201,0.007220095487686361,-0.01515968270935544,33936.8407599809,0.01802388760725267,0
2022-09,17094.35,497612.82000000007,6900597267,0.15309776965302654,22,17759.3,-0.03816132281815027,21072896.10709,12629874.7859,3147.71180438547,4333987.3,-224498.5665102,0.0010200456430438263,0.01374280401317703,-0.03273908158244183,64321.5396524415,0.007220095487686361,0
2022-10,18012.2,351718.97000000003,4555808160,0.14151964832128644,19,17094.35,0.052301306531627435,21301949.29109,12883403.90972,14245.8141466833,4379714.95,-216626.1420093,0.010869563577591746,0.020073763843093635,0.010550942315867048,3147.71180438547,0.01374280401317703,0
2022-11,18758.35,424376.2700000001,5256999885,0.09604830046797547,21,18012.2,0.040589680531975814,21399921.33292,12947813.2994599,30501.094965619,4494372.55,-180509.2399609,0.00459920547604432,0.00499940778005932,0.02617923798899278,14245.8141466833,0.020073763843093635,0
2022-12,18105.3,381125.7200000001,4741436295,0.11322171015841091,22,18758.35,-0.03543427352968576,21859234.6217,13306853.04999,9749.53325262888,4656002.25,-190774.3616891,0.021463316693292125,0.02772975963015132,0.035962684045852004,30501.094965619,0.00499940778005932,0
2023-01,17662.15,447127.99999999994,5632809036,0.11810902062299643,21,18105.3,-0.024780781268640174,21895034.2097,13337536.22291,3865.04031145979,4702189.08,-139450.4605488,0.0016377329133226248,0.0023058173712997353,0.009919847010383226,9749.53325262888,0.02772975963015132,0
2023-02,17303.95,446262.76,5685629178,0.10045898788403605,20,17662.15,-0.020489132678701803,22093331.3878,13450268.70523,11441.0912011895,4641715.5,-136864.1239589,0.009056719263409549,0.008452271876597264,-0.012860729113853515,3865.04031145979,0.0023058173712997353,0
2023-03,17359.75,473669.35999999987,5807977094,0.1349423000756281,21,17303.95,0.003219509065584438,22343760.3238,13675235.33,23318.0047135745,4754264.53,-156043.6684236,0.011335046381384033,0.016725808955959712,0.024247291760987992,11441.0912011895,0.008452271876597264,0
2023-04,18065.0,407060.7800000001,4459762894,0.0657110070768707,17,17359.75,0.039822056392752755,22683199.3638,13859446.82813,39811.393841801,4818457.21,-118377.0221185,0.015191670295462189,0.013470444470223187,0.013502126268939372,23318.0047135745,0.016725808955959712,0
2023-05,18534.4,545608.6599999999,5737398688,0.0877358444858263,22,18065.0,0.02565210028949258,22766809.9748,13893970.45037,54771.9047653357,4864556.01,-185268.1828471,0.003686014907290158,0.0024909812540230706,0.009567128645311725,39811.393841801,0.013470444470223187,0
2023-06,19189.05,474803.62999999995,5144188356,0.07858288895029401,21,18534.4,0.034711338954606825,23424748.01159,14383718.15768,73642.0605811529,4881602.18,-155242.2286535,0.028898999794800113,0.0352489383117233,0.003504157412302038,54771.9047653357,0.0024909812540230706,0
2023-07,19753.8,579831.4000000001,5802271229,0.08577692356076998,21,19189.05,0.029006074059238815,23409954.65259,14787123.4,27665.8268869262,4967138.0,-153262.9163027,-0.0006315269215567103,0.028045964047523287,0.01752207919572838,73642.0605811529,0.0352489383117233,0
2023-08,19253.8,543967.6499999999,6253992252,0.0702719749893133,22,19753.8,-0.025637434053074906,23472704.69887,14917311.57,19377.0137816297,4916872.85,-196623.85493,0.0026804855973122485,0.008804157947312452,-0.010119539662477743,27665.8268869262,0.028045964047523287,0
2023-09,19638.3,513746.19000000006,6077673965,0.09142404069918468,20,19253.8,0.01977329728528269,23504297.56287,15151314.19,-13248.0012750551,4882783.41,-164576.9611236,0.0013459405043135474,0.015686648287925996,-0.006933154677774407,19377.0137816297,0.008804157947312452,0
2023-10,19436.1,47477.05,498867935,0.009411300305291238,2,19638.3,-0.010349579513146337,23739933.21207,15457886.81,17194.5629620802,4879087.45,-246414.5636805,0.010025215540677809,0.020234061293662675,-0.0007569371175527858,-13248.0012750551,0.015686648287925996,0
2024-10,24205.35,583593.9700000001,5282153674,0.8964075621343399,19,19436.1,0.21944152148746307,26289281.97407,17237674.19,-92897.8018840622,5757911.79,-219203.0361688,0.10738651786534288,0.11513781941064691,0.1801206371080723,17194.5629620802,0.020234061293662675,1
2024-11,24131.1,612645.3,5887730849,0.16507050051305894,19,24205.35,-0.0030722181045922284,26517390.5754,17508955.68,-40070.5729602561,5560661.35,-269847.8766935,0.008676866928316578,0.015737708406008476,-0.03425728757126382,-92897.8018840622,0.11513781941064691,0
2024-12,23644.8,552030.63,5450737566,0.10948401059964301,21,24131.1,-0.020358247392682546,26579463.9643,17743037.47,13791.9625298453,5476868.68,-175317.9701938,0.00234085585169099,0.013369260524623084,-0.015068831695711866,-40070.5729602561,0.015737708406008476,0
2025-01,23508.4,615924.0299999999,6527785871,0.1399964361159882,23,23644.8,-0.005785413522458486,26692998.71704,17868478.53,-37595.5206972593,5461741.1,-202115.96415,0.004271521536043495,0.00706987516720847,-0.002762085579163471,13791.9625298453,0.013369260524623084,0
2025-02,22124.7,533742.48,5660828271,0.10799297864550167,20,23508.4,-0.060663172609701985,26913341.11175,17989979.44,-40696.4049652739,5589313.01,-125515.5779565,0.008254688693681341,0.006799734504312055,0.02335737041801563,-37595.5206972593,0.00706987516720847,1
2025-03,23519.35,557977.74,6331339104,0.10279076379074008,19,22124.7,0.06112885511409072,27286588.701,18243972.33,30675.4324723308,5687095.17,-187940.2732544,0.01386849695473325,0.014118575890934806,0.0174944863214952,-40696.4049652739,0.006799734504312055,0
2025-04,24334.2,631535.34,7720607587,0.21901118750787776,19,23519.35,0.03405928169026577,27630684.73902,18187891.45,-3995.6856970603,5879208.23,-232128.4167,0.01261044543861906,-0.003073940202583006,0.033780524900201475,30675.4324723308,0.014118575890934806,1
2025-05,24750.7,658856.5199999999,8551371957,0.17649507088688535,21,24334.2,0.016971003158643107,27989937.2213,18287376.91,19626.544457804,5916601.935,-192151.3925,0.013001939172816142,0.0054698731996226475,0.006360330088189297,-3995.6856970603,-0.003073940202583006,0
2025-06,25517.05,607721.3200000001,7058285113,0.10422416247752098,21,24750.7,0.030493084740585808,28230454.2524,18486199.66,43082.4583846886,6007744.947,-164052.1948,0.008592982156350485,0.010872130594698833,0.015404621267629712,19626.544457804,0.0054698731996226475,0
2025-07,24768.35,559236.2200000001,6276996690,0.07012233336515605,23,25517.05,-0.029780227739192405,28139873.4756,18501377.2,16784.6418754342,6040880.34,-240065.0919,-0.0032086191738235487,0.000821020019211407,0.005515446027139766,43082.4583846886,0.010872130594698833,0
2025-08,24426.85,504367.2699999999,5868138637,0.10161229711422264,19,24768.35,-0.013883691316309352,28308501.7046,18646841.82,-23624.0783998932,6125355.62,-238220.0689,0.005992501321877493,0.00786236713232359,0.013983935328207521,16784.6418754342,0.000821020019211407,0
2025-09,24611.1,559926.51,5978414023,0.07134372739335541,22,24426.85,0.007514623553485914,28350280.9056,18902860.72,-25533.1115026565,6211881.403,-291432.98,0.0014758534886787158,0.013729879969561435,0.014125838297042387,-23624.0783998932,0.00786236713232359,0
2025-10,25722.1,554196.3600000001,6242328229,0.07843376512351195,21,24611.1,0.04415298387730961,28997506.2387,19393655.36,10194.2228799262,6123030.74,-376508.2927,0.022829591539325907,0.025964040431230594,-0.014303341811562868,-25533.1115026565,0.013729879969561435,0
2025-11,26202.95,543458.32,5761647611,0.07594745120392225,19,25722.1,0.018521455289600006,29136713.1967,19529443.34,-1130.53331297972,6137574.93,-223174.4804,0.004800652747656463,0.007001670261711841,0.0023753253278619795,10194.2228799262,0.025964040431230594,0
2025-12,26129.6,520955.1400000001,5369809703,0.0748544064041226,22,26202.95,-0.0028032285081682996,29798543.9422,20320787.62,-57066.4289343253,6258847.772,-235900.0805,0.022714667266414953,0.04052057532941444,0.019759081295647855,-1130.53331297972,0.007001670261711841,0
2026-01,25320.65,654718.18,8376158052,0.09212170518260446,20,26129.6,-0.03144850298786792,29903539.2724,20475236.5,-14274.9843678035,6657540.411,-319933.244,0.0035235053901847176,0.007600536105598005,0.06370064483491969,-57066.4289343253,0.04052057532941444,0
2026-02,25178.65,665162.56,8483818766,0.16080808611773872,21,25320.65,-0.0056238551529020865,30298343.5556,20751207.44,59179.2109919459,6627547.638,-247621.8964,0.013202593833579796,0.013478278504866175,-0.0045050831310680635,-14274.9843678035,0.007600536105598005,0
2026-03,22331.4,780956.9699999999,9955680537,0.2568776873261631,19,25178.65,-0.12000265338804761,31453125.8166,21359897.02,-130031.243090099,6520745.219,-194466.9984,0.0381137093808735,0.02933273072229469,-0.016114922869453797,59179.2109919459,0.013478278504866175,1
2026-04,23997.55,802506.5699999998,9668796977,0.18805601480164266,20,22331.4,0.07195798199223008,31163977.2876,21210697.85,-16471.0304951357,6582387.24,-264001.2611,-0.009192998199479285,-0.006985013544788993,0.009453217221306166,-130031.243090099,0.02933273072229469,1
2026-05,23547.75,704114.5199999999,8409669943,0.1379362197390852,19,23997.55,-0.01892146730697169,31362049.9133,21515402.48,-58411.1983062149,6483678.12,-267289.4122,0.006355819858038879,0.014365610794837612,-0.01499594545276253,-16471.0304951357,-0.006985013544788993,0
2026-06,23865.75,691883.94,8377121804,0.11528297957667594,21,23547.75,0.013414102242879367,31893320.1683,21930398.21,41652.9851243638,6294506.77,-289070.6307,0.016939908471183773,0.01928830893987536,-0.029176548634712383,-58411.1983062149,0.014365610794837612,0
2026-07,24383.6,682162.2999999998,8194571510,0.11794684685024803,23,23865.75,0.02146639843054835,32277813.4282,22078403.37,109771.151525051,6612148.358,-306433.57,0.012055604680573916,0.006748858756815075,0.05046330071704736,41652.9851243638,0.01928830893987536,0
